City_ID,City,Lat,Lng,Max Temp,Humidity,Cloudiness,Wind Speed,Country,Date
0,port-aux-francais,-49.35,70.2167,5.61,88,100,10.32,TF,1715232264
1,invercargill,-46.4,168.35,8.9,75,25,5.36,NZ,1715232264
2,qaqortoq,60.7167,-46.0333,0.77,78,100,2.18,GL,1715232264
3,jamestown,42.097,-79.2353,10.77,93,100,3.09,US,1715232264
4,shanting,35.0753,117.4578,26.49,27,100,6.54,CN,1715232264
5,waitangi,-43.9535,-176.5597,9.34,89,100,3.88,NZ,1715232196
6,dekalb,33.7504,-84.2333,26.07,76,100,3.6,US,1715232265
7,skovorodino,53.9833,123.9167,12.55,23,6,4.08,RU,1715231968
8,namibe,-15.1961,12.1522,23.53,63,6,3.03,AO,1715232265
9,kodiak,57.79,-152.4072,1.73,69,100,4.63,US,1715232265
10,hassi messaoud,31.6804,6.0729,16.92,63,0,1.54,DZ,1715232266
11,bethel,41.3712,-73.414,17.42,78,0,1.54,US,1715232266
12,bajil,15.0584,43.2851,30.59,66,77,1.45,YE,1715232266
13,vinh yen,21.31,105.5967,26.97,68,100,3.06,VN,1715232266
14,hasaki,35.7333,140.8333,15.22,73,100,10.02,JP,1715232265
15,nan,18.8333,100.6667,33.01,52,20,3.09,TH,1715232046
16,port mathurin,-19.6833,63.4167,25.55,73,98,10.94,MU,1715232267
17,buala,-8.145,159.5921,26.31,91,100,2.34,SB,1715232267
18,as safirah,36.077,37.3725,20.16,41,6,1.44,SY,1715232267
19,canyon,34.9803,-101.9188,19.15,38,20,2.24,US,1715232196
20,adamstown,-25.066,-130.1015,21.85,78,63,3.72,PN,1715232267
21,ambazac,45.9598,1.4006,9.18,98,43,2.16,FR,1715232267
22,olonkinbyen,70.9221,-8.7187,-2.95,92,100,16.2,SJ,1715232268
23,hermanus,-34.4187,19.2345,12.9,81,0,1.86,ZA,1715232268
24,zyryanskoye,56.8306,86.6258,12.04,44,88,2.01,RU,1715232268
25,iqaluit,63.7506,-68.5145,-5.15,79,75,2.06,CA,1715232268
26,castillos,-34.1667,-53.8333,10.8,72,43,4.77,UY,1715232268
27,carutapera,-1.195,-46.02,24.33,94,93,1.62,BR,1715232269
28,buckhannon,38.994,-80.232,19.01,79,0,0.0,US,1715232269
29,polyarnyy,69.1989,33.4478,-3.25,88,98,1.3,RU,1715232269
30,kavaratti,10.5669,72.642,29.99,68,100,3.37,IN,1715232269
31,longyearbyen,78.2186,15.6401,0.91,64,75,7.72,SJ,1715232269
32,puerto natales,-51.7236,-72.4875,-0.91,99,100,0.98,CL,1715232269
33,fort bragg,35.139,-79.006,22.12,86,0,3.6,US,1715232270
34,gornozavodsk,58.3758,58.3211,-0.64,83,100,4.75,RU,1715232270
35,souda,35.4844,24.0744,17.63,88,75,2.06,GR,1715232270
36,hithadhoo,-0.6,73.0833,29.2,75,83,5.66,MV,1715232270
37,ribeira grande,38.5167,-28.7,14.87,84,91,2.68,PT,1715232270
38,hammerfest,70.6634,23.6821,2.25,48,0,5.66,NO,1715232270
39,sokoni,-6.4333,39.55,25.92,87,96,7.03,TZ,1715232271
40,nikolayevsk-on-amure,53.1406,140.73,14.56,39,100,3.58,RU,1715232271
41,st. john's,47.5649,-52.7093,5.44,95,100,4.63,CA,1715232085
42,grytviken,-54.2811,-36.5092,-3.25,67,8,3.8,GS,1715232271
43,tutoia,-2.7619,-42.2744,24.58,85,92,1.84,BR,1715232271
44,san antonio de pale,-1.4014,5.6325,26.91,87,17,3.74,GQ,1715232272
45,moapa valley,36.5805,-114.4703,19.14,16,82,10.77,US,1715232272
46,oltinko'l,40.8011,72.1634,32.46,20,23,3.37,UZ,1715232272
47,culfa,38.9558,45.6308,16.93,55,7,1.25,AZ,1715232272
48,anadyr,64.75,177.4833,-4.72,67,40,6.0,RU,1715232272
49,gadzhiyevo,69.2551,33.3362,-2.9,87,99,1.05,RU,1715232272
50,yellowknife,62.456,-114.3525,11.29,40,75,5.14,CA,1715232273
51,albany,42.6001,-73.9662,14.23,77,38,4.93,US,1715231805
52,kingston,17.997,-76.7936,28.53,79,20,2.57,JM,1715231771
53,cam ranh,11.9214,109.1591,30.98,66,20,6.17,VN,1715232273
54,puerto ayora,-0.7393,-90.3518,23.64,99,100,1.34,EC,1715232273
55,wakkanai,45.4094,141.6739,9.99,57,20,8.23,JP,1715232210
56,itaituba,-4.2761,-55.9836,23.13,92,65,0.69,BR,1715232274
57,swakopmund,-22.6833,14.5333,14.43,86,78,0.57,NA,1715232274
58,dadukou,26.5479,101.7054,28.61,40,100,1.09,CN,1715232274
59,chulym,55.0997,80.9572,16.47,37,95,4.78,RU,1715232274
60,port lincoln,-34.7333,135.8667,17.27,65,5,4.71,AU,1715232275
61,thompson,55.7435,-97.8558,6.09,65,75,1.54,CA,1715232275
62,newman,37.3138,-121.0208,19.05,35,0,2.6,US,1715232275
63,imperatriz,-5.5264,-47.4917,22.51,93,67,0.36,BR,1715231550
64,princeville,45.7668,-61.2985,5.3,94,100,4.63,CA,1715232275
65,vorgashor,67.5833,63.95,-2.33,74,100,9.0,RU,1715232275
66,finsterwalde,51.6333,13.7167,10.42,67,6,0.87,DE,1715232276
67,papatowai,-46.5619,169.4708,6.84,69,24,4.91,NZ,1715232276
68,katiola,8.1333,-5.1,24.17,92,79,1.04,CI,1715232276
69,bredasdorp,-34.5322,20.0403,10.77,90,0,1.61,ZA,1715232276
70,the pinery,39.4553,-104.7344,7.55,39,100,4.12,US,1715232276
71,puerto quijarro,-17.7833,-57.7667,25.11,60,71,0.61,BO,1715232276
72,kabinda,-6.1333,24.4833,20.9,86,97,1.81,CD,1715232277
73,nadym,65.5333,72.5167,-1.69,91,100,8.91,RU,1715232277
74,tiksi,71.6872,128.8694,-1.41,82,83,2.95,RU,1715232277
75,east london,-33.0153,27.9116,16.52,100,0,1.03,ZA,1715232277
76,hawaiian paradise park,19.5933,-154.9731,22.8,91,75,2.57,US,1715232278
77,udachny,66.4167,112.4,-4.2,68,89,6.45,RU,1715232278
78,new norfolk,-42.7826,147.0587,13.84,74,61,1.44,AU,1715232273
79,nogent-sur-seine,48.4167,3.75,7.39,97,6,2.27,FR,1715232278
80,ushuaia,-54.8,-68.3,-1.19,86,20,2.06,AR,1715232062
81,osakarovka,50.565,72.5692,20.57,42,100,8.94,KZ,1715232278
82,tangalle,6.024,80.7911,32.09,81,100,3.08,LK,1715232279
83,al ghayzah,16.2079,52.176,30.7,65,99,0.94,YE,1715232279
84,selkirk,50.1436,-96.8845,12.82,48,51,3.25,CA,1715232015
85,simrishamn,55.5565,14.3504,9.08,85,73,3.92,SE,1715232279
86,miracema do tocantins,-9.5618,-48.3967,23.2,80,4,1.2,BR,1715232279
87,neftcala,39.3742,49.2472,16.98,61,51,2.39,AZ,1715232280
88,lerwick,60.1545,-1.1494,9.0,98,100,7.92,GB,1715232280
89,blackmans bay,-43.0167,147.3167,13.18,93,87,1.17,AU,1715232280
90,cartagena del chaira,1.3349,-74.8429,21.94,100,100,1.18,CO,1715232280
91,uturoa,-16.7333,-151.4333,27.78,77,69,5.78,PF,1715232280
92,tura,25.5198,90.2201,32.64,34,6,2.14,IN,1715232281
93,edinburgh of the seven seas,-37.0676,-12.3116,14.46,66,100,12.46,SH,1715232281
94,nuuk,64.1835,-51.7216,1.34,69,100,5.14,GL,1715232060
95,borba,-4.3878,-59.5939,23.61,96,91,0.61,BR,1715232281
96,lompoc,34.6391,-120.4579,12.23,86,0,1.54,US,1715232281
97,stephenville,32.2207,-98.2023,23.99,64,0,0.0,US,1715232282
98,mahuta,-10.8667,39.45,20.59,91,37,1.75,TZ,1715232282
99,oranjemund,-28.55,16.4333,13.29,92,4,3.03,NA,1715232282
100,oamaru,-45.0784,170.9801,7.99,56,0,1.94,NZ,1715232282
101,christchurch,-43.5333,172.6333,8.11,64,20,1.54,NZ,1715232282
102,stanley,54.868,-1.6985,11.27,92,98,1.03,GB,1715232037
103,vadso,70.0744,29.7487,-0.91,74,75,3.09,NO,1715232283
104,katsuren-haebaru,26.3369,127.8719,25.43,52,20,5.14,JP,1715232283
105,palikir - national government center,6.9248,158.1611,30.47,79,100,6.69,FM,1715232283
106,queenstown,-31.8976,26.8753,12.07,62,9,1.77,ZA,1715232283
107,bubaque,11.2833,-15.8333,26.08,69,79,3.67,GW,1715232283
108,aitape,-3.1374,142.3475,28.58,76,96,2.36,PG,1715232197
109,badger,64.8,-147.5333,13.95,43,75,6.17,US,1715232284
110,vega de alatorre,20.0333,-96.6333,30.93,54,87,3.24,MX,1715232284
111,chibougamau,49.9168,-74.3659,4.79,70,100,3.6,CA,1715232284
112,ghadamis,30.1337,9.5007,16.16,63,96,2.85,LY,1715232284
113,jingdezhen,29.2947,117.2079,24.85,54,100,1.59,CN,1715232284
114,island harbour,50.724,-1.2758,9.01,58,65,0.45,GB,1715232285
115,lebu,-37.6167,-73.65,7.6,85,33,1.75,CL,1715232285
116,labasa,-16.4167,179.3833,24.53,69,85,4.52,FJ,1715232285
117,yuzhno-kurilsk,44.0306,145.8556,2.99,95,97,4.41,RU,1715232285
118,hoemul-li,41.4339,129.67,18.14,49,32,3.25,KP,1715232285
119,tamanrasset,22.785,5.5228,19.95,13,0,2.06,DZ,1715232285
120,olinda,-8.0089,-34.8553,24.85,100,75,1.54,BR,1715232286
121,najran,17.4924,44.1277,27.36,40,55,2.6,SA,1715232286
122,pangody,65.85,74.4859,-4.16,89,100,5.87,RU,1715232286
123,lihue,21.9789,-159.3672,25.58,81,100,4.63,US,1715232286
124,karratha,-20.7377,116.8463,29.34,26,12,8.37,AU,1715232287
125,novomoskovs'k,48.6167,35.2,9.96,61,100,4.17,UA,1715232287
126,olyokminsk,60.3736,120.4264,5.55,50,100,3.72,RU,1715232287
127,liski,50.9841,39.5155,2.89,36,40,7.18,RU,1715232287
128,gao,16.6362,1.637,31.56,11,33,4.88,ML,1715232287
129,tolanaro,-25.0319,46.9987,24.04,83,40,5.14,MG,1715232288
130,likhovskoy,48.1519,40.1792,8.16,48,57,4.07,RU,1715232288
131,viedma,-40.8135,-62.9967,5.93,59,0,3.33,AR,1715232183
132,la'ie,21.6477,-157.9253,25.98,80,28,2.24,US,1715232288
133,lazaro cardenas,17.9583,-102.2,23.57,82,42,0.92,MX,1715232288
134,sitka,57.0531,-135.33,5.48,94,100,2.0,US,1715232288
135,yamada,39.4667,141.95,8.61,77,100,2.22,JP,1715232289
136,sakakah,29.9697,40.2064,22.76,19,46,5.88,SA,1715232289
137,venezuela,8.0,-66.0,30.43,59,100,2.79,VE,1715232289
138,rongelap,11.1635,166.8941,27.2,78,77,8.36,MH,1715232289
139,solnechnyy,50.7214,136.6319,6.13,40,100,3.34,RU,1715232289
140,al kharj,24.155,47.3346,28.32,19,1,7.05,SA,1715231992
141,puerto lempira,15.2667,-83.7667,26.84,82,81,3.86,HN,1715232290
142,kissidougou,9.1848,-10.0999,22.49,97,100,1.14,GN,1715232290
143,zambezi,-13.5432,23.1047,13.36,57,75,2.25,ZM,1715232290
144,bilibino,68.0546,166.4372,2.24,78,35,0.9,RU,1715232290
145,san luis de la loma,17.2706,-100.8939,25.22,74,28,3.21,MX,1715232290
146,selfoss,63.9331,-20.9971,2.6,73,51,1.12,IS,1715232291
147,port alfred,-33.5906,26.891,16.21,99,55,0.45,ZA,1715232291
148,kisvarda,48.2167,22.0833,10.57,81,94,3.73,HU,1715232291
149,whitehorse,60.7161,-135.0538,7.23,50,75,8.75,CA,1715232291
150,ilulissat,69.2167,-51.1,-3.99,74,100,3.09,GL,1715232291
151,kuybyshev,55.4475,78.3218,16.93,36,94,6.84,RU,1715232292
152,georgetown,5.4112,100.3354,32.97,62,20,4.63,MY,1715232022
153,bataipora,-22.2953,-53.2711,23.97,49,62,1.7,BR,1715232292
154,blenheim,-41.516,173.9528,8.07,56,24,0.89,NZ,1715232292
155,petropavlovsk-kamchatsky,53.0452,158.6483,10.33,67,75,11.0,RU,1715232292
156,val-d'or,48.1002,-77.7828,8.05,66,100,3.6,CA,1715232244
157,nar'yan-mar,67.6713,53.087,-4.94,88,100,7.15,RU,1715232293
158,west island,-12.1568,96.8225,29.99,70,19,6.17,CC,1715232293
159,hami,42.8,93.45,24.23,26,96,2.3,CN,1715232293
160,awjilah,29.1081,21.2869,22.83,36,0,4.46,LY,1715232293
161,arkhangel'sk,64.5401,40.5433,-1.94,76,75,7.0,RU,1715232294
162,ampara,7.2833,81.6667,33.02,57,100,1.09,LK,1715232294
163,ulladulla,-35.35,150.4667,17.97,77,89,1.11,AU,1715232294
164,dunedin,-45.8742,170.5036,6.56,66,8,1.99,NZ,1715232295
165,ciudad del carmen,18.6333,-91.8333,31.68,61,97,8.74,MX,1715232184
166,colonia,50.9333,6.95,11.01,93,100,1.03,DE,1715232295
167,kapuskasing,49.4169,-82.4331,6.05,75,75,3.09,CA,1715232295
168,lupane,-18.9315,27.807,11.83,55,1,2.61,ZW,1715232295
169,chinchilla,-26.75,150.6333,21.68,66,94,1.79,AU,1715232295
170,russkaya polyana,49.417,31.9201,8.35,61,97,5.28,UA,1715232296
171,san patricio,28.017,-97.5169,27.69,90,95,4.93,US,1715232296
172,sinabang,2.4803,96.3801,30.87,67,63,1.35,ID,1715232296
173,korla,41.7597,86.1469,27.93,20,25,8.9,CN,1715232296
174,sao joao da barra,-21.6403,-41.0511,23.51,93,9,2.75,BR,1715232296
175,alice springs,-23.7,133.8833,24.75,36,40,5.66,AU,1715232297
176,qamdo,31.1667,97.2333,11.6,32,100,3.33,CN,1715232297
177,saldanha,-33.0117,17.9442,5.03,82,0,3.53,ZA,1715232297
178,rio de janeiro,-22.9028,-43.2075,24.0,88,0,2.57,BR,1715232242
179,shubarshi,48.5872,57.1869,10.92,51,80,9.42,KZ,1715232297
180,avarua,-21.2078,-159.775,28.03,89,75,3.09,CK,1715232298
181,alofi,-19.0595,-169.9187,23.94,94,75,5.14,NU,1715232298
182,port elizabeth,-33.918,25.5701,18.16,82,100,1.54,ZA,1715232298
183,mhamid,29.82,-5.72,23.82,12,4,3.99,MA,1715232078
184,sao joao del rei,-21.1356,-44.2617,14.89,93,0,0.43,BR,1715232298
185,margaret river,-33.95,115.0667,22.04,38,100,7.77,AU,1715232298
186,iskateley,67.6803,53.1512,-4.99,88,100,7.15,RU,1715232267
187,afaahiti,-17.75,-149.2833,25.93,80,78,7.78,PF,1715232299
188,labrador city,52.9463,-66.9114,-1.57,69,0,0.0,CA,1715232299
189,kijang,35.2442,129.2139,18.85,60,0,6.79,KR,1715232299
190,santana,-0.0583,-51.1817,26.1,94,100,1.54,BR,1715232299
191,keflavik,64.0049,-22.5624,2.95,75,75,3.09,IS,1715232300
192,cabo san lucas,22.8909,-109.9124,25.9,63,35,6.32,MX,1715232300
193,rio grande,-32.035,-52.0986,14.51,88,50,6.88,BR,1715232211
194,aasiaat,68.7098,-52.8699,-10.04,80,26,3.3,GL,1715232300
195,utrik,11.2278,169.8474,27.31,78,74,8.39,MH,1715232300
196,panjab,34.388,67.0233,13.81,32,62,2.26,AF,1715232300
197,sisimiut,66.9395,-53.6735,-6.15,80,25,3.47,GL,1715232301
198,dauphin,51.1494,-100.0502,6.08,87,0,1.54,CA,1715231834
199,ust-nera,64.5667,143.2,5.67,59,90,2.39,RU,1715232301
200,galesong,-5.3166,119.3661,33.01,70,65,2.53,ID,1715232301
201,mitsamiouli,-11.3847,43.2844,27.96,68,79,5.3,KM,1715232301
202,dhidhdhoo,6.8833,73.1,30.0,73,99,4.56,MV,1715232080
203,chonchi,-42.6128,-73.8092,6.56,91,77,1.69,CL,1715232302
204,kruisfontein,-34.0033,24.7314,13.27,89,10,1.67,ZA,1715232302
205,susuman,62.7833,148.1667,2.21,68,65,0.45,RU,1715232302
206,ippy,6.2679,21.2247,24.85,70,98,1.68,CF,1715232302
207,inhambane,-23.865,35.3833,18.99,100,20,0.0,MZ,1715232302
208,isafjordur,66.0755,-23.124,1.05,79,20,5.72,IS,1715232303
209,wailua homesteads,22.0669,-159.378,25.24,82,100,4.63,US,1715232303
210,puerto aysen,-45.4,-72.7,3.6,99,100,0.83,CL,1715232303
211,xianyang,34.3378,108.7026,27.58,54,0,1.0,CN,1715232303
212,nova sintra,14.8667,-24.7167,24.2,73,12,8.65,CV,1715232303
213,ebon,4.582,168.6964,28.57,78,81,5.13,MH,1715232304
214,rundu,-17.9333,19.7667,15.35,50,0,2.65,NA,1715232304
215,prado,-17.3411,-39.2208,23.35,92,20,1.47,BR,1715232304
216,aral,40.5156,81.2636,32.17,10,56,2.39,CN,1715232304
217,shache,38.4167,77.2406,30.64,11,40,2.05,CN,1715232304
218,kayangel,8.0823,134.7173,28.85,73,55,4.44,PW,1715232304
219,kralendijk,12.15,-68.2667,27.99,89,20,7.2,BQ,1715232305
220,talnakh,69.4865,88.3972,-6.55,77,35,0.99,RU,1715232305
221,callao,-12.0667,-77.15,20.4,88,100,1.54,PE,1715232095
222,college,64.8569,-147.8028,13.99,46,75,6.17,US,1715232305
223,alo,7.4178,6.7371,26.81,81,100,2.54,NG,1715232305
224,peniche,39.3558,-9.3811,18.09,55,100,2.29,PT,1715232306
225,labytnangi,66.6572,66.4183,-5.9,92,100,10.9,RU,1715232306
226,binhe,32.6883,112.8275,29.71,37,84,5.17,CN,1715232306
227,calbuco,-41.768,-73.1273,8.56,92,100,5.83,CL,1715232306
228,tsiombe,-25.3,45.4833,22.28,71,0,2.3,MG,1715232307
229,ndende,-2.4008,11.3581,23.06,99,100,0.76,GA,1715232307
230,maardu,59.4767,25.025,5.89,53,0,2.57,EE,1715232307
231,aldama,22.9167,-98.0667,26.55,78,85,1.67,MX,1715232307
232,huarmey,-10.0681,-78.1522,19.36,92,68,2.73,PE,1715232026
233,mount pearl,47.5166,-52.7813,4.98,95,100,4.63,CA,1715232298
234,puerto baquerizo moreno,-0.9,-89.6,22.85,89,100,4.88,EC,1715232130
235,blackwater,-23.5833,148.8833,25.29,55,99,7.79,AU,1715232308
236,touros,-5.1989,-35.4608,25.33,90,41,2.97,BR,1715232308
237,qorveh,35.1664,47.8045,8.23,58,5,2.65,IR,1715232308
238,mount gambier,-37.8333,140.7667,18.67,43,24,2.8,AU,1715232308
239,las heras,-46.5419,-68.9359,3.09,76,78,2.05,AR,1715232077
240,bam,29.106,58.357,29.59,18,0,3.97,IR,1715232166
241,salalah,17.0151,54.0924,31.05,74,75,3.6,OM,1715232309
242,krasnyy chikoy,50.3643,108.7512,11.47,68,100,2.75,RU,1715232309
243,remire-montjoly,4.9167,-52.2667,25.02,100,75,1.54,GF,1715232309
244,codrington,-38.2667,141.9667,19.26,49,73,3.06,AU,1715232310
245,punta arenas,-53.15,-70.9167,4.06,81,75,3.6,CL,1715232289
246,bredy,52.4153,60.3411,7.22,88,70,7.64,RU,1715232310
247,malango,-2.9627,119.9001,24.26,92,56,1.47,ID,1715232310
248,lorengau,-2.0226,147.2712,28.03,84,99,4.14,PG,1715232311
249,mount isa,-20.7333,139.5,30.87,45,75,3.6,AU,1715232261
250,san sebastian de la gomera,28.0916,-17.1133,20.77,88,75,0.51,ES,1715232311
251,reggane,26.7158,0.1714,27.22,14,74,8.3,DZ,1715232311
252,kalabo,-14.97,22.6814,14.05,46,51,2.49,ZM,1715232311
253,palmer,42.1584,-72.3287,14.95,79,0,5.66,US,1715232014
254,zunheboto,25.9667,94.5167,21.79,63,84,0.7,IN,1715232312
255,sale,34.0389,-6.8166,14.38,100,83,2.57,MA,1715232312
256,cabinda,-5.55,12.2,25.38,91,98,1.97,AO,1715232312
257,ventnor,50.5948,-1.2037,8.71,93,66,0.45,GB,1715232312
258,sao jose da coroa grande,-8.8978,-35.1478,25.63,86,27,0.84,BR,1715232312
259,alto araguaia,-17.3147,-53.2153,18.8,71,34,1.73,BR,1715232090
260,abbeville,50.1,1.8333,9.16,93,47,0.77,FR,1715232313
261,kununurra,-15.7667,128.7333,32.99,33,66,4.63,AU,1715232123
262,kone,-21.0595,164.8658,25.19,49,0,6.34,NC,1715232313
263,east ballina,-28.8667,153.5833,19.33,70,95,6.75,AU,1715232313
264,zachary,30.6485,-91.1565,27.18,80,42,4.66,US,1715232313
265,galle,6.0367,80.217,27.83,78,100,0.74,LK,1715232313
266,lerma,42.0261,-3.7598,5.31,77,8,1.81,ES,1715232314
267,kirakira,-10.4544,161.9205,28.47,78,93,4.12,SB,1715232314
268,aras-asan,8.8908,126.3033,28.81,75,84,3.47,PH,1715232198
269,kuta,-8.7233,115.1723,30.0,79,20,8.94,ID,1715232314
270,bloemfontein,-29.1211,26.214,5.71,87,0,1.54,ZA,1715232314
271,cedeira,43.6797,-8.0209,14.1,79,99,3.67,ES,1715232315
272,kapa'a,22.0752,-159.319,25.99,81,100,4.63,US,1715232315
273,bardai,11.65,7.2333,25.29,64,65,4.33,NG,1715232315
274,bone south,16.2446,120.9958,34.46,36,76,3.35,PH,1715232315
275,naha,26.2125,127.6811,25.38,55,40,9.26,JP,1715232315
276,sao vicente,-23.9631,-46.3919,28.48,26,40,2.74,BR,1715232315
277,sao gabriel da cachoeira,-0.1303,-67.0892,23.76,99,93,0.87,BR,1715232316
278,nieuw amsterdam,5.8833,-55.0833,26.09,88,85,3.36,SR,1715232316
279,smithers,54.7804,-127.1743,9.18,49,0,2.06,CA,1715232316
280,dakhla,23.6848,-15.958,18.15,90,98,5.65,EH,1715232316
281,kualakapuas,-3.0091,114.3876,30.89,69,59,1.31,ID,1715232317
282,svetlyy,54.675,20.1347,8.03,72,50,3.2,RU,1715232317
283,cabedelo,-6.9811,-34.8339,25.37,84,23,3.09,BR,1715232317
284,pimentel,-6.8367,-79.9342,20.16,83,0,6.17,PE,1715232317
285,itoman,26.1247,127.6694,25.43,56,40,9.26,JP,1715232317
286,marquette,46.5333,-87.6335,7.31,87,50,1.79,US,1715232254
287,kodinsk,58.6881,99.1844,5.24,95,100,4.29,RU,1715232318
288,as sulayyil,20.4607,45.5779,29.14,33,19,9.06,SA,1715232318
289,saudarkrokur,65.7461,-19.6394,2.01,81,14,5.23,IS,1715232318
290,isabela,6.7085,121.9711,31.03,70,63,2.32,PH,1715232318
291,la passe,45.5549,-0.8967,10.57,91,20,4.74,FR,1715232318
292,mingora,34.7758,72.3625,30.37,30,4,0.88,PK,1715232318
293,galliano,29.4422,-90.2992,27.22,83,100,6.17,US,1715232319
294,luderitz,-26.6481,15.1594,14.65,79,0,6.63,NA,1715232319
295,maua,-23.6678,-46.4614,23.53,64,6,2.85,BR,1715232246
296,zorgo,12.2489,-0.6158,29.86,57,39,5.63,BF,1715232319
297,grand-lahou,5.1367,-5.0242,27.43,85,99,2.49,CI,1715232319
298,haiku-pauwela,20.9219,-156.3051,23.36,78,20,9.26,US,1715232320
299,kiama,-34.6833,150.8667,17.78,81,100,2.21,AU,1715232320
300,tual,-5.6667,132.75,28.44,74,34,6.68,ID,1715232320
301,akureyri,65.6835,-18.0878,2.51,72,2,2.61,IS,1715232320
302,maragogi,-9.0122,-35.2225,24.84,89,34,0.39,BR,1715232320
303,port antonio,18.18,-76.4612,28.95,88,66,0.53,JM,1715232320
304,kedrovyy,56.1667,91.8167,12.23,41,15,5.17,RU,1715232321
305,guane,22.2025,-84.0875,24.96,91,76,1.91,CU,1715232321
306,shetpe,44.1667,52.1167,14.19,66,99,4.49,KZ,1715232321
307,ar rutbah,33.0381,40.2848,20.3,29,0,2.69,IQ,1715232321
308,guerrero negro,27.9769,-114.0611,15.21,82,0,5.97,MX,1715232321
309,monahans,31.5943,-102.8926,28.18,16,1,3.63,US,1715232322
310,sihanoukville,10.6093,103.5296,26.97,89,40,5.14,KH,1715232322
311,cooper's town,26.8667,-77.5167,24.66,72,2,4.78,BS,1715232322
312,mata-utu,-13.2816,-176.1745,28.76,79,100,6.11,WF,1715232322
313,balabac,7.9868,117.0645,30.76,64,95,1.89,PH,1715232258
314,zhangye,38.9342,100.4517,25.19,16,100,5.49,CN,1715232323
315,masumbwe,-3.6333,32.1833,18.39,90,52,2.45,TZ,1715232323
316,sierra vista,31.5545,-110.3037,19.03,18,0,4.12,US,1715232256
317,enewetak,11.3474,162.3373,27.58,79,57,8.38,MH,1715232323
318,market deeping,52.6765,-0.3163,13.32,89,100,1.54,GB,1715232323
319,orumiyeh,37.5527,45.0761,13.75,58,20,2.06,IR,1715232024
320,tazovsky,67.4667,78.7,-7.32,87,14,3.25,RU,1715232324
321,shalqar,47.8333,59.6,13.1,77,93,11.09,KZ,1715232324
322,saint-joseph,-21.3667,55.6167,25.21,74,36,7.49,RE,1715232324
323,kresttsy,58.2452,32.5165,1.39,47,33,4.12,RU,1715232324
324,formosa do rio preto,-11.0483,-45.1931,20.17,82,0,1.43,BR,1715232324
325,bikenibeu village,1.3673,173.1241,28.97,74,64,4.48,KI,1715232325
326,lhokseumawe,5.1801,97.1507,31.31,62,97,3.11,ID,1715232133
327,vilyuchinsk,52.9306,158.4028,11.15,71,94,5.84,RU,1715232325
328,faya-largeau,17.9257,19.1043,31.13,14,21,3.92,TD,1715232325
329,vila velha,-20.3297,-40.2925,23.86,96,20,1.03,BR,1715232207
330,waddan,29.1614,16.139,17.25,77,2,6.57,LY,1715232325
331,dabhol,17.6,73.1667,31.57,56,1,3.37,IN,1715232326
332,kitui,-1.367,38.0106,18.98,85,69,1.44,KE,1715232326
333,sosnovyy bor,59.9,29.1167,1.44,51,1,4.35,RU,1715232326
334,new kingman-butler,35.265,-114.0323,16.06,15,0,4.12,US,1715232326
335,shurugwi,-19.6702,30.0059,10.56,70,0,0.59,ZW,1715232326
336,mahina,-17.5065,-149.489,26.87,78,20,2.57,PF,1715232326
337,vilyuysk,63.7553,121.6247,-3.89,95,100,4.02,RU,1715232327
338,pisco,-13.7,-76.2167,18.34,94,10,1.54,PE,1715232318
339,grand-bassam,5.2118,-3.7388,27.98,85,98,1.62,CI,1715232327
340,portland,45.5234,-122.6762,16.02,50,20,3.6,US,1715232327
341,hamilton,39.1834,-84.5333,21.97,85,40,5.14,US,1715232064
342,saipan,15.1355,145.701,32.39,62,40,6.69,MP,1715232327
343,zaozersk,69.4005,32.4476,-3.15,89,96,1.44,RU,1715232328
344,fortuna,40.5982,-124.1573,10.37,93,0,0.45,US,1715232328
345,pacific grove,36.6177,-121.9166,16.42,72,0,1.79,US,1715232328
346,mili,6.0815,171.735,28.33,81,28,6.53,MH,1715232328
347,ust-tsilma,65.441,52.1498,-0.22,88,100,4.02,RU,1715232328
348,jayapura,-2.5333,140.7,27.66,86,100,0.82,ID,1715232328
349,javanrud,34.7961,46.5172,12.58,51,0,0.54,IR,1715232329
350,seminole,28.7086,-81.2081,26.87,83,0,2.57,US,1715232329
351,belaya glina,46.07,40.86,11.46,56,95,2.61,RU,1715232329
352,bayanaul,50.7889,75.6956,20.86,32,93,8.15,KZ,1715232329
353,atafu village,-8.5421,-172.5159,29.84,70,100,2.7,TK,1715232329
354,george town,5.4112,100.3354,32.97,62,20,4.63,MY,1715232330
355,angaur state,6.906,134.13,28.88,71,22,3.02,PW,1715232330
356,lodja,-3.4833,23.4333,22.39,95,100,1.25,CD,1715232330
357,baoqing,46.3317,132.2111,18.0,21,2,7.09,CN,1715232159
358,idfu,24.9803,32.8747,26.98,10,5,1.19,EG,1715232330
359,jagraon,30.7833,75.4833,35.4,31,0,5.81,IN,1715232330
360,mersa matruh,31.3525,27.2453,20.21,49,47,7.36,EG,1715232331
361,kisangani,0.5167,25.2,23.27,98,98,0.79,CD,1715232331
362,ketchikan,55.3422,-131.6461,9.26,87,100,2.57,US,1715232331
363,yaren,-0.5472,166.916,29.33,73,76,5.33,NR,1715232331
364,illizi,26.4833,8.4667,19.89,41,6,2.09,DZ,1715232331
365,constitucion,-35.3333,-72.4167,7.6,74,6,2.49,CL,1715232241
366,porto novo,6.4965,2.6036,27.9,82,100,1.23,BJ,1715232332
367,wanning,18.8003,110.3967,30.48,57,46,3.45,CN,1715232332
368,dul'durga,50.6761,113.5931,15.96,28,100,6.14,RU,1715232332
369,danville,36.586,-79.395,19.37,89,0,2.06,US,1715232129
370,patterson,37.4716,-121.1297,20.86,33,0,3.84,US,1715232333
371,umba,66.6871,34.3429,-2.4,83,13,5.09,RU,1715232333
372,konkwesso,10.8469,4.0984,29.58,57,100,2.24,NG,1715232136
373,deulgaon raja,20.0167,76.0333,35.73,25,2,3.3,IN,1715232333
374,sosnovo-ozerskoye,52.5249,111.5418,13.81,28,100,4.52,RU,1715232333
375,black river,18.0264,-77.8487,25.84,85,87,1.08,JM,1715232333
376,sur,22.5667,59.5289,34.52,45,0,0.45,OM,1715232334
377,kailua-kona,19.6406,-155.9956,25.98,83,0,4.63,US,1715232319
378,tucupita,9.0622,-62.051,26.26,79,64,2.88,VE,1715232334
379,marsh harbour,26.5412,-77.0636,24.07,76,1,4.79,BS,1715232334
380,amungan,15.3652,119.9582,31.38,62,85,5.16,PH,1715232335
381,gisborne,-38.6533,178.0042,11.4,71,100,11.49,NZ,1715232335
382,simanggang,1.2472,111.4528,33.99,59,40,0.51,MY,1715232335
383,salinopolis,-0.6136,-47.3561,25.85,89,65,2.9,BR,1715232335
384,cherepovets,59.1333,37.9,-2.1,64,75,3.0,RU,1715232335
385,hinton,53.4001,-117.5857,6.61,64,26,1.07,CA,1715232336
386,muisne,0.6,-80.0333,25.38,87,100,2.07,EC,1715232336
387,severo-yeniseyskiy,60.3725,93.0408,1.43,98,100,4.47,RU,1715232336
388,mortara,45.2473,8.7355,15.95,81,100,1.81,IT,1715232336
389,zeya,53.75,127.2667,11.38,28,6,7.14,RU,1715232336
390,borger,52.9233,6.7931,10.99,94,26,1.27,NL,1715232337
391,puerto san jose,13.9256,-90.8244,29.45,70,100,3.19,GT,1715232337
392,coahuayana de hidalgo,18.7,-103.6583,21.13,92,60,1.15,MX,1715232337
393,molochnoye,59.2917,39.6787,-3.43,72,95,5.81,RU,1715232337
394,kavieng,-2.5744,150.7967,27.94,82,100,4.47,PG,1715232197
395,port sudan,19.6175,37.2164,26.56,55,0,4.67,SD,1715232337
396,quthing,-30.4,27.7003,12.32,46,0,1.78,LS,1715232338
397,trunovskoye,45.4878,42.1358,12.72,89,100,2.41,RU,1715232338
398,geraldton,-28.7667,114.6,27.23,29,100,7.2,AU,1715232338
399,banda aceh,5.5577,95.3222,30.81,65,46,2.49,ID,1715232338
400,srivardhan,18.0333,73.0167,30.59,59,0,4.18,IN,1715232338
401,parauapebas,-6.0675,-49.9022,22.17,98,18,0.98,BR,1715231836
402,port isabel,26.0734,-97.2086,29.02,88,100,5.14,US,1715232301
403,akrehamn,59.2667,5.1833,9.44,100,75,6.69,NO,1715232339
404,ivdel',60.6911,60.4206,4.55,99,100,1.79,RU,1715232339
405,la tuque,47.4334,-72.7824,5.14,100,85,0.51,CA,1715232156
406,west bay,19.3667,-81.4167,26.71,88,12,4.97,KY,1715232340
407,nowa sol,51.8033,15.717,10.03,69,10,0.83,PL,1715232340
408,manokwari,-0.8667,134.0833,27.32,83,97,0.56,ID,1715232340
409,emerald,-23.5333,148.1667,23.52,56,100,7.35,AU,1715232340
410,kenai,60.5544,-151.2583,3.05,74,100,7.72,US,1715232244
411,taunggyi,20.7833,97.0333,31.82,29,96,2.37,MM,1715232341
412,cidreira,-30.1811,-50.2056,18.91,86,52,5.53,BR,1715232341
413,tafuna,-14.3358,-170.72,28.97,84,75,2.57,AS,1715232342
414,pandan,14.0453,124.1694,30.74,66,97,6.12,PH,1715232342
415,caazapa,-26.15,-56.4,17.62,79,87,5.04,PY,1715232342
416,al wakrah,24.85,51.3333,31.05,29,27,10.52,QA,1715232342
417,sterling,39.0062,-77.4286,21.18,77,40,1.54,US,1715232342
418,usogorsk,63.4106,48.6872,-2.41,92,100,4.78,RU,1715232343
419,"laikit, laikit ii (dimembe)",1.4792,124.9735,29.47,70,40,1.54,ID,1715232343
420,mitu,1.1983,-70.1733,23.28,99,100,0.47,CO,1715232343
421,diego de almagro,-26.3667,-70.05,14.95,35,100,0.43,CL,1715232343
422,ghanzi,-21.5667,21.7833,17.29,38,0,5.2,BW,1715232343
423,klaksvik,62.2266,-6.589,5.51,72,100,6.63,FO,1715232344
424,astara,38.5,48.6667,14.99,66,100,1.8,AZ,1715232344
425,ibotirama,-12.1853,-43.2206,20.51,75,0,1.02,BR,1715232344
426,borogontsy,62.6683,131.1683,4.47,57,100,4.88,RU,1715232344
427,carnarvon,-24.8667,113.6333,25.92,45,99,3.48,AU,1715232344
428,westport,41.1415,-73.3579,19.36,75,0,0.89,US,1715232326
429,walvis bay,-22.9575,14.5053,14.49,82,89,2.93,NA,1715232345
430,andilamena,-17.0167,48.5833,16.62,94,77,4.72,MG,1715232345
431,masalovka,48.4053,40.2706,10.64,50,52,4.77,RU,1715232345
432,ugoofaaru,5.6667,73.0,29.63,74,99,4.36,MV,1715232080
433,nagqu,31.5,92.0,4.44,57,100,5.95,CN,1715232345
434,dereli,40.7378,38.4493,12.09,42,12,0.51,TR,1715232346
435,turpan,42.9333,89.1667,31.04,22,47,2.18,CN,1715232346
436,novo aripuana,-5.1206,-60.3797,24.38,90,92,1.28,BR,1715232346
437,bonawon,9.134,122.9193,30.89,66,82,2.47,PH,1715232346
438,nemuro,43.3236,145.575,4.0,75,78,4.13,JP,1715232346
439,menomonie,44.8755,-91.9193,14.04,58,0,2.57,US,1715232346
440,woodlake,37.4211,-77.6793,21.87,88,0,1.54,US,1715232347
441,minas de marcona,-15.2119,-75.1103,13.81,90,92,5.28,PE,1715232347
442,guiuan,11.0333,125.7247,28.83,75,30,4.41,PH,1715232197
443,ixtapa,20.7,-105.2,23.57,78,0,2.06,MX,1715232347
444,kangding,30.0513,101.9603,13.75,87,92,1.91,CN,1715232347
445,magadan,59.5667,150.8,3.07,81,53,1.89,RU,1715232348
446,la ronge,55.1001,-105.2842,14.14,67,100,3.6,CA,1715232348
447,south hedland,-20.4089,118.5983,33.96,13,0,8.23,AU,1715232348
448,moranbah,-22.0016,148.0466,27.91,38,93,8.6,AU,1715232348
449,coronel suarez,-37.4547,-61.9334,4.72,46,0,3.84,AR,1715232348
450,arraial do cabo,-22.9661,-42.0278,23.62,92,4,6.79,BR,1715232348
451,biltine,14.5333,20.9167,30.43,14,43,4.8,TD,1715232349
452,ribadesella,43.4614,-5.0596,10.53,83,65,1.91,ES,1715232349
453,al bawiti,28.3492,28.8659,23.35,11,1,3.0,EG,1715232349
454,i-n-salah,27.1935,2.4607,23.98,17,100,7.47,DZ,1715232349
455,ambon,-3.6954,128.1814,30.08,74,40,3.09,ID,1715232349
456,aljezur,37.3191,-8.8033,15.71,72,100,1.94,PT,1715232350
457,toliara,-23.35,43.6667,23.78,62,0,3.26,MG,1715232350
458,iwanai,42.9744,140.5089,10.38,61,3,4.09,JP,1715232350
459,qarauyl,48.9451,79.255,21.83,23,8,6.24,KZ,1715232350
460,san juan,-31.5375,-68.5364,8.77,31,0,0.55,AR,1715232210
461,moree,-29.4667,149.85,24.27,39,90,3.87,AU,1715232351
462,eraan,9.0629,117.7016,29.71,72,97,1.64,PH,1715232351
463,jilma,35.2731,9.4239,13.52,66,0,10.75,TN,1715232351
464,sretensk,52.2453,117.7093,20.18,14,90,2.83,RU,1715232351
465,camiri,-20.05,-63.5167,17.85,90,97,1.73,BO,1715232351
466,cannonvale,-20.2833,148.7,24.21,75,100,6.67,AU,1715232352
467,chistopol',55.3631,50.6424,2.54,54,9,4.65,RU,1715232352
468,opuwo,-18.0607,13.84,20.38,56,62,1.61,NA,1715232081
469,egilsstadir,65.2653,-14.3948,0.95,75,0,1.03,IS,1715232352
470,chumphon,10.3333,98.8333,33.68,50,100,3.43,TH,1715232103
471,cadale,2.7603,46.3222,28.71,73,17,6.85,SO,1715232353
472,manicore,-5.8092,-61.3003,24.25,93,64,1.16,BR,1715232353
473,betio village,1.358,172.9211,28.99,74,66,4.41,KI,1715232353
474,thayetmyo,19.3167,95.1833,39.83,26,79,1.65,MM,1715232353
475,antsiranana,-12.2787,49.2917,27.42,65,20,5.14,MG,1715232353
476,penzance,50.1186,-5.5371,11.38,89,93,4.82,GB,1715232353
477,fethiye,36.6217,29.1164,15.93,52,100,0.88,TR,1715232354
478,goundi,9.3627,17.366,27.15,44,62,1.9,TD,1715232354
479,brady,31.1352,-99.3351,24.25,94,0,2.57,US,1715232354
480,bamboo flat,11.7,92.7167,34.05,59,40,4.63,IN,1715232354
481,cafayate,-26.073,-65.9761,11.63,85,48,2.49,AR,1715232354
482,scottburgh,-30.2867,30.7532,18.46,88,0,2.78,ZA,1715232199
483,hobyo,5.3505,48.5268,30.19,69,10,5.63,SO,1715232355
484,villa la angostura,-40.7617,-71.6463,2.19,99,100,3.19,AR,1715232280
485,fort st. john,56.2499,-120.8529,9.94,34,75,4.63,CA,1715232119
486,miura,35.14,139.6192,17.12,73,100,9.39,JP,1715232355
487,sibul,15.169,121.0616,35.46,39,88,7.81,PH,1715232355
488,chos malal,-37.3781,-70.2709,3.47,43,1,2.46,AR,1715232356
489,kimbe,-5.5502,150.1429,27.15,87,100,1.43,PG,1715232356
490,crane,31.3974,-102.3501,25.06,20,1,0.85,US,1715232356
491,hailey,43.5196,-114.3153,6.29,77,40,2.68,US,1715232356
492,suntar,62.1444,117.6319,3.5,55,99,3.94,RU,1715232356
493,blankenberge,51.3131,3.1323,10.53,78,21,0.87,BE,1715232357
494,necochea,-38.5473,-58.7368,10.75,62,33,8.32,AR,1715232357
495,port shepstone,-30.7414,30.455,18.97,85,0,3.39,ZA,1715232357
496,tadjourah,12.0,42.5,30.11,47,34,1.58,DJ,1715232357
497,klyuchi,52.2667,79.1667,21.45,34,45,5.07,RU,1715232357
498,terenozek,45.05,64.9833,20.03,45,83,6.79,KZ,1715232357
499,silver city,32.7701,-108.2803,14.61,31,0,2.57,US,1715232358
500,igarka,67.4667,86.5833,-0.55,99,100,5.81,RU,1715232358
501,loppi,60.7167,24.45,3.04,40,92,2.26,FI,1715232358
502,pizarro,4.9533,-77.366,24.66,93,100,1.63,CO,1715232358
503,taulaga,-11.0553,-171.0883,29.27,74,100,4.3,AS,1715232358
504,saint-philippe,-21.3585,55.7679,25.77,79,62,7.3,RE,1715232358
505,iquique,-20.2208,-70.1431,18.02,84,68,0.81,CL,1715232109
506,mahavelona,-17.6848,49.5087,22.99,82,63,4.38,MG,1715232078
507,lagdo,9.05,13.7333,30.27,45,100,2.03,CM,1715232359
508,argo,37.6333,22.7333,17.57,67,100,0.99,GR,1715232359
509,barcelos,41.5388,-8.6151,18.08,59,99,2.88,PT,1715232359
510,lockwood,45.8191,-108.4149,9.59,90,100,7.2,US,1715232359
511,chirilagua,13.2203,-88.1386,25.03,90,100,0.4,SV,1715232360
512,constantia,44.1833,28.65,12.61,78,89,7.3,RO,1715232360
513,nalhati,24.3,87.8167,32.66,47,20,2.55,IN,1715232360
514,kapit,2.0167,112.9333,29.13,73,97,1.52,MY,1715232360
515,tahe,52.3333,124.7333,13.44,18,1,4.88,CN,1715232360
516,san jose de feliciano,-30.3845,-58.7517,6.93,72,0,3.53,AR,1715232361
517,raja,8.4596,25.678,27.14,32,53,1.19,SS,1715232361
518,fale old settlement,-9.3852,-171.2468,29.14,74,61,2.27,TK,1715232361
519,okhotsk,59.3833,143.3,2.06,76,100,3.49,RU,1715232361
520,macusani,-14.0833,-70.4333,1.12,94,58,1.6,PE,1715232361
521,chui,-33.6971,-53.4616,11.51,84,51,5.14,UY,1715232362
522,melekeok village,7.4957,134.6367,31.31,70,75,4.12,PW,1715232362
523,hotan,37.0997,79.9269,30.63,9,45,3.25,CN,1715232362
524,acapulco de juarez,16.8634,-99.8901,24.9,88,75,3.09,MX,1715232362
525,eyl,7.9803,49.8164,29.8,73,49,2.69,SO,1715232362
526,don benito,38.9563,-5.8616,13.57,43,84,1.94,ES,1715232362
527,kristiansund,63.1115,7.732,8.36,87,75,2.57,NO,1715232363
528,cabugao,17.7931,120.4578,32.92,60,75,5.31,PH,1715232363
529,cambria,35.5641,-121.0808,18.32,59,0,1.23,US,1715232363
530,rosalie,15.3667,-61.2667,26.15,86,97,3.15,DM,1715232363
531,kroya,-7.6331,109.2461,30.34,67,21,3.82,ID,1715232363
532,ovalle,-30.5983,-71.2003,14.51,57,0,1.23,CL,1715231944
533,qarazhal,48.0078,70.7903,20.49,37,100,10.16,KZ,1715232364
534,quesnel,52.9999,-122.5029,9.28,61,0,0.0,CA,1715232364
535,gobabis,-22.45,18.9667,17.5,47,28,5.43,NA,1715232364
536,siwa oasis,29.2041,25.5195,23.14,18,0,5.35,EG,1715232365
537,stuhlingen,47.7333,8.4333,10.67,88,83,2.4,DE,1715232365
538,fonte boa,-2.4959,-66.2662,24.18,99,97,1.33,BR,1715232365
539,jwaneng,-24.6004,24.7303,15.16,38,0,4.15,BW,1715232365
540,dashiqiao,40.6373,122.5025,26.04,26,81,1.95,CN,1715232365
541,terrace,54.5163,-128.6035,9.95,81,40,8.23,CA,1715232366
542,rosarito,32.3333,-117.0333,16.41,81,6,2.08,MX,1715232366
543,mizdah,31.4451,12.9801,13.79,68,26,4.84,LY,1715232366
544,khash,28.2211,61.2158,28.25,22,0,6.0,IR,1715232366
545,bayanhongor,46.7167,100.1167,12.89,27,59,3.99,MN,1715232367
546,ancud,-41.8697,-73.8203,9.32,70,99,5.66,CL,1715232325
547,ventspils,57.3894,21.5606,4.96,81,100,3.09,LV,1715232367
548,naranjos,21.35,-97.6833,29.38,62,100,4.48,MX,1715232367
549,midvagur,62.0511,-7.1939,5.46,75,20,4.12,FO,1715232367
550,paragominas,-2.9667,-47.4833,22.48,97,27,1.08,BR,1715232368
551,juchipila,21.4167,-103.1167,26.15,19,42,1.58,MX,1715232368
552,tyukhtet,56.5389,89.3011,11.25,42,69,4.13,RU,1715232368
553,mlimba,-8.8,35.8167,22.1,92,92,0.57,TZ,1715232368
554,kalmunai,7.4167,81.8167,31.86,60,93,2.08,LK,1715232369
555,alta sierra,35.7291,-118.5495,10.44,45,7,0.95,US,1715232369
556,vytegra,61.0064,36.4481,-0.91,64,100,6.26,RU,1715232369
557,papao,-17.75,-149.55,26.82,81,75,8.59,PF,1715232369
558,flying fish cove,-10.4217,105.6791,29.82,74,75,5.66,CX,1715232369
559,villa rica,33.7321,-84.9191,25.83,94,10,2.79,US,1715232370
560,plastun,44.7561,136.2939,17.43,45,90,2.75,RU,1715232370
561,massawa,15.6097,39.45,29.08,66,65,2.98,ER,1715232370
562,maceio,-9.6658,-35.7353,25.69,94,75,2.06,BR,1715232370
563,ponferrada,42.5466,-6.5962,14.45,61,98,1.09,ES,1715232370
564,lichuan,30.3,108.85,16.68,72,100,2.95,CN,1715232371
565,villa gesell,-37.2639,-56.973,6.14,65,8,9.61,AR,1715232256
566,kinmparana,12.8402,-4.9199,29.38,52,59,2.35,ML,1715232078
567,adelebsen,51.5833,9.75,11.3,79,8,0.59,DE,1715232371
568,dudinka,69.4058,86.1778,-6.29,89,82,5.36,RU,1715232371
569,fort mcmurray,56.7268,-111.381,10.77,37,0,4.12,CA,1715232371
570,medicine hat,50.0501,-110.6683,9.24,73,0,1.03,CA,1715232372
571,ambodifotatra,-16.9833,49.85,26.47,69,13,9.05,MG,1715232372
572,bandundu,-3.3167,17.3667,25.52,63,100,1.35,CD,1715232372
573,rio gallegos,-51.6226,-69.2181,3.03,93,100,2.06,AR,1715232372
574,revda,56.801,59.9303,4.42,64,84,6.25,RU,1715232373
575,khandyga,62.6667,135.6,3.94,89,100,3.05,RU,1715232373
576,willowmore,-33.2926,23.4895,10.4,95,0,0.91,ZA,1715232373
577,vianopolis,-16.7419,-48.5164,15.83,80,1,1.63,BR,1715232373
578,san carlos,9.6612,-68.5827,26.51,72,88,1.65,VE,1715232373
579,taltal,-25.4,-70.4833,16.7,74,100,0.96,CL,1715232373
580,sassandra,4.95,-6.0833,26.64,88,97,1.75,CI,1715232374
